Price,Bedrooms,Bathrooms,Square Footage,Latitude,Longitude
550000.0,2.0,4.0,1965.0,38.701656,-121.309105
365000.0,3.0,3.0,1022.0,38.55091,-121.35447
915000.0,3.0,5.0,2825.0,38.68122,-121.11251
289900.0,2.0,4.0,1412.0,37.62685,-121.017426
950000.0,3.0,4.0,2516.0,33.154037,-117.03348
899900.0,3.0,3.0,2247.0,38.5818,-121.35588
279900.0,2.0,3.0,1332.0,36.13055,-120.37112
290000.0,2.0,3.0,1250.0,36.79023,-119.82171
425000.0,2.0,4.0,1800.0,41.778812,-123.38885
560000.0,2.0,4.0,1854.0,38.63518,-121.36316
649900.0,2.0,3.0,1453.0,36.841003,-121.385
334900.0,2.0,4.0,1232.0,36.200993,-119.32558
589000.0,3.0,3.0,1918.0,38.665417,-121.28101
314900.0,2.0,3.0,1412.0,36.77383,-119.78261
315000.0,2.0,3.0,1330.0,36.785183,-119.78276
700000.0,3.0,5.0,3020.0,36.873734,-119.73534
299900.0,2.0,3.0,1152.0,37.216618,-119.68924
429999.0,2.0,4.0,1819.0,36.93645,-120.06406
527000.0,2.0,3.0,1572.0,38.33914,-120.77096
649950.0,3.0,3.0,2668.0,35.32375,-119.11631
499950.0,2.0,4.0,2371.0,35.33418,-119.10701
369900.0,2.0,3.0,1676.0,35.411133,-118.897446
799900.0,3.0,4.0,2102.0,38.385296,-121.98618
397500.0,2.0,4.0,1974.0,40.6008,-122.3663
450000.0,2.0,4.0,1551.0,34.14207,-117.305786
400000.0,2.0,3.0,1419.0,38.72347,-121.32849
449000.0,2.0,3.0,1468.0,37.684326,-121.01912
462000.0,2.0,3.0,1256.0,38.885582,-121.29735
649000.0,2.0,3.0,1335.0,32.864906,-116.94059
485000.0,2.0,3.0,1222.0,38.112022,-121.29173
450000.0,2.0,3.0,1595.0,35.376648,-119.122
729000.0,2.0,4.0,1973.0,35.375565,-119.16213
499900.0,3.0,4.0,2314.0,35.132866,-119.47838
440000.0,2.0,3.0,1833.0,35.115078,-118.453
899000.0,2.0,3.0,1347.0,35.27107,-120.63595
334900.0,2.0,3.0,1190.0,34.555588,-118.08018
475000.0,3.0,4.0,2145.0,34.854397,-118.17325
649900.0,3.0,4.0,2930.0,34.63065,-118.15617
595000.0,2.0,3.0,2024.0,36.457,-118.874916
595000.0,2.0,3.0,2354.0,38.239887,-121.29695
435000.0,3.0,3.0,2010.0,38.17814,-120.39545
675000.0,3.0,5.0,2705.0,38.66837,-120.99407
525000.0,2.0,3.0,1772.0,37.655502,-120.988716
500000.0,2.0,4.0,1993.0,40.601166,-122.35695
399000.0,4.0,4.0,2167.0,37.392624,-120.70183
899000.0,2.0,4.0,2387.0,35.55567,-119.07085
450000.0,3.0,4.0,1854.0,35.339413,-119.09442
475000.0,2.0,4.0,1387.0,38.608723,-121.28931
369000.0,2.0,3.0,1378.0,40.15905,-122.34518
724950.0,2.0,3.0,1560.0,36.914295,-121.77727
724900.0,3.0,3.0,2704.0,38.610195,-121.53095
649000.0,3.0,4.0,2653.0,38.42209,-121.34133
685000.0,2.0,3.0,1784.0,38.631096,-121.11122
459900.0,2.0,3.0,2269.0,37.114105,-120.22642
379000.0,2.0,3.0,1367.0,40.624214,-122.39703
699900.0,3.0,4.0,2133.0,38.763393,-121.2813
379000.0,2.0,4.0,1356.0,38.675743,-121.46547
599000.0,3.0,4.0,1927.0,38.127293,-122.214905
875000.0,2.0,3.0,2386.0,41.289402,-124.06266
824995.0,3.0,3.0,2228.0,38.66247,-121.24913
649000.0,2.0,3.0,1455.0,36.84457,-121.40754
329900.0,2.0,3.0,1220.0,37.62314,-121.016335
879000.0,3.0,5.0,2564.0,38.77051,-121.32931
899000.0,2.0,3.0,1280.0,38.633312,-121.31901
799000.0,4.0,4.0,2968.0,37.69655,-121.440765
559000.0,4.0,6.0,3627.0,40.378895,-120.659805
739000.0,2.0,3.0,1320.0,33.184593,-117.24146
750000.0,2.0,3.0,2360.0,38.69509,-121.17936
550000.0,2.0,3.0,1501.0,38.80218,-121.25873
699000.0,2.0,3.0,1256.0,32.61697,-117.08238
585000.0,2.0,3.0,1580.0,34.633743,-120.447266
625000.0,3.0,4.0,1960.0,38.760586,-121.320145
784500.0,3.0,4.0,2687.0,38.32876,-121.94933
625000.0,2.0,3.0,1809.0,38.72532,-120.64545
998000.0,2.0,4.0,2251.0,39.31342,-120.17919
669000.0,2.0,3.0,2248.0,38.662827,-121.30336
639000.0,2.0,3.0,1824.0,38.768055,-121.288574
799000.0,2.0,3.0,1728.0,38.54482,-121.70861
675000.0,3.0,3.0,2115.0,38.812893,-121.11125
829900.0,3.0,3.0,1810.0,38.82661,-121.2061
675000.0,3.0,4.0,2706.0,37.77438,-121.237755
429999.0,2.0,3.0,1301.0,38.478493,-121.49039
699000.0,3.0,3.0,2267.0,37.932568,-120.607056
849000.0,2.0,4.0,1724.0,38.55677,-121.76021
569000.0,3.0,5.0,2856.0,38.049786,-121.32543
410000.0,2.0,3.0,1232.0,34.68013,-118.17187
574999.0,3.0,4.0,2471.0,34.70256,-118.207985
614000.0,2.0,4.0,1754.0,38.392773,-121.97199
469000.0,2.0,4.0,1519.0,38.549,-121.34287
405000.0,2.0,5.0,2208.0,36.6117,-119.44688
439777.0,2.0,3.0,1692.0,37.219856,-119.67907
379900.0,2.0,3.0,1309.0,38.52952,-121.410675
299000.0,2.0,3.0,1415.0,36.324,-119.28278
330000.0,2.0,3.0,1248.0,37.92907,-121.291374
489000.0,2.0,3.0,1920.0,37.69268,-121.00165
729500.0,3.0,4.0,2310.0,37.509907,-120.82866
399000.0,2.0,3.0,1070.0,37.046,-120.830536
449000.0,2.0,3.0,1232.0,38.552486,-121.38804
449000.0,3.0,5.0,2364.0,36.312653,-119.78811
439817.0,2.0,4.0,1340.0,39.016468,-121.43934
659900.0,3.0,5.0,2857.0,38.546833,-121.27949
249900.0,2.0,3.0,1840.0,32.795574,-115.59081
534900.0,2.0,3.0,1691.0,38.283455,-121.28509
474500.0,2.0,4.0,1878.0,39.015854,-121.41798
570000.0,2.0,3.0,1465.0,38.80527,-121.34751
725000.0,2.0,3.0,1586.0,33.937107,-118.31322
549000.0,2.0,3.0,1300.0,39.074844,-121.5436
874900.0,4.0,4.0,3394.0,38.480602,-121.51482
485000.0,2.0,3.0,2176.0,35.165108,-118.654816
610000.0,3.0,4.0,2036.0,38.50885,-121.52532
495000.0,2.0,3.0,1665.0,39.14611,-121.048836
525000.0,2.0,3.0,2086.0,38.034805,-121.36738
950000.0,4.0,4.0,3421.0,38.843555,-121.2859
900000.0,3.0,4.0,2645.0,37.78354,-121.54898
875000.0,2.0,3.0,1302.0,37.13788,-122.09233
399000.0,3.0,3.0,1380.0,34.21322,-117.08404
749000.0,3.0,5.0,2098.0,38.625854,-121.36837
425000.0,2.0,3.0,2176.0,36.82787,-119.79904
360000.0,2.0,3.0,1455.0,36.78879,-119.691986
740000.0,2.0,3.0,1879.0,38.746174,-121.28169
399950.0,2.0,3.0,1120.0,38.667404,-121.32311
430000.0,3.0,3.0,2020.0,36.30444,-119.28094
369900.0,2.0,3.0,1388.0,40.55413,-122.3348
379900.0,3.0,3.0,1720.0,32.82583,-115.58736
540000.0,2.0,4.0,1724.0,38.89199,-121.30781
385000.0,2.0,3.0,1102.0,38.698353,-121.377075
925000.0,5.0,5.0,4063.0,38.416443,-121.34624
650000.0,2.0,3.0,1884.0,38.157448,-121.32637
429000.0,2.0,3.0,1454.0,37.59748,-120.933685
429000.0,2.0,3.0,1402.0,38.568108,-121.327415
644900.0,2.0,4.0,2822.0,37.770893,-122.18939
399900.0,2.0,3.0,1680.0,36.6609,-119.7913
429888.0,3.0,3.0,1653.0,36.86528,-119.73566
440000.0,3.0,3.0,1753.0,36.83736,-119.90193
399999.0,2.0,3.0,1300.0,34.67991,-118.09653
199000.0,2.0,4.0,2398.0,41.20559,-122.276115
489000.0,3.0,4.0,2259.0,39.154194,-121.64581
545000.0,2.0,3.0,1937.0,38.56753,-121.366875
989000.0,5.0,5.0,3898.0,38.81779,-121.27584
545000.0,3.0,4.0,1789.0,38.681515,-121.269005
479000.0,2.0,3.0,1424.0,34.0196,-117.03416
380000.0,3.0,4.0,2168.0,36.34927,-119.28654
675000.0,2.0,3.0,1981.0,38.513992,-121.5368
680000.0,3.0,6.0,3152.0,34.620102,-118.204735
450000.0,2.0,3.0,1266.0,38.672615,-121.292
789000.0,3.0,4.0,2474.0,33.7487,-116.725624
660000.0,3.0,3.0,2795.0,38.05138,-121.3825
440000.0,3.0,3.0,1578.0,36.858948,-119.64536
499000.0,2.0,3.0,1724.0,38.30242,-120.67971
369000.0,2.0,3.0,1500.0,39.163635,-121.57673
675000.0,2.0,3.0,1913.0,38.493046,-121.544495
998000.0,2.0,3.0,1952.0,37.01088,-121.580284
900000.0,2.0,3.0,1134.0,37.67438,-122.12847
619000.0,3.0,3.0,2344.0,40.25709,-121.07624
459000.0,2.0,3.0,1461.0,39.09938,-120.949974
250000.0,2.0,4.0,1243.0,35.330734,-119.01127
579500.0,2.0,3.0,1466.0,38.25278,-121.98712
508000.0,3.0,3.0,1631.0,37.987762,-121.36253
679000.0,3.0,4.0,2611.0,38.77905,-121.299126
369000.0,2.0,3.0,1102.0,38.6968,-121.37972
339000.0,3.0,3.0,1820.0,36.74999,-119.69284
799999.0,3.0,5.0,2927.0,38.90221,-121.2788
440000.0,3.0,4.0,1861.0,39.121635,-121.65019
715000.0,2.0,3.0,1683.0,38.68609,-121.0834
375000.0,2.0,3.0,1001.0,38.67074,-121.37523
750000.0,2.0,3.0,1541.0,38.465267,-122.64816
975000.0,4.0,4.0,2660.0,38.621254,-121.04653
749000.0,3.0,3.0,2390.0,33.728695,-116.71415
495000.0,2.0,3.0,1549.0,37.988617,-121.35875
289900.0,2.0,3.0,1152.0,36.7183,-119.78884
999000.0,2.0,3.0,1577.0,37.970276,-121.9982
475000.0,2.0,3.0,1320.0,38.449795,-121.36042
475000.0,3.0,3.0,1568.0,38.71883,-121.363686
950000.0,3.0,4.0,3134.0,38.677307,-121.12406
500000.0,2.0,3.0,1534.0,38.4155,-121.36914
719000.0,3.0,5.0,2100.0,38.620274,-121.38144
869000.0,3.0,3.0,1762.0,33.165474,-117.1823
675000.0,3.0,3.0,2062.0,34.95847,-120.41518
350000.0,2.0,3.0,1468.0,36.800526,-119.88787
749000.0,3.0,4.0,2781.0,38.786015,-121.26548
480000.0,3.0,5.0,2213.0,34.572647,-118.13598
748000.0,4.0,3.0,2640.0,38.67718,-120.77468
689000.0,3.0,3.0,1858.0,37.69807,-121.431725
743000.0,3.0,4.0,2560.0,38.65074,-121.734474
650000.0,4.0,3.0,3594.0,38.659157,-121.44378
760000.0,3.0,5.0,2812.0,38.784332,-121.29258
559000.0,2.0,3.0,1582.0,38.61181,-121.36552
755000.0,3.0,4.0,2611.0,38.64961,-121.73899
859000.0,2.0,3.0,1145.0,37.349888,-121.88555
457000.0,3.0,4.0,2407.0,36.785973,-119.89553
245000.0,2.0,3.0,1432.0,37.60617,-120.95433
515000.0,2.0,3.0,1080.0,34.699356,-120.43505
979000.0,3.0,5.0,1921.0,38.551067,-121.76613
699000.0,3.0,3.0,2105.0,39.153774,-121.070114
499000.0,2.0,3.0,2088.0,36.93437,-119.45842
515000.0,3.0,5.0,2378.0,36.87113,-119.730934
650000.0,3.0,5.0,2823.0,38.03818,-121.26265
800000.0,2.0,3.0,1259.0,32.862667,-116.97544
274900.0,2.0,4.0,2056.0,36.14469,-120.35789
549000.0,3.0,3.0,1836.0,38.650585,-121.49703
439500.0,2.0,4.0,2001.0,36.190548,-119.29964
340000.0,2.0,3.0,1252.0,36.78486,-119.888626
645000.0,3.0,4.0,2283.0,38.4155,-121.41446
749950.0,3.0,3.0,2776.0,36.847134,-119.722496
469990.0,2.0,4.0,1984.0,34.670628,-118.21519
525000.0,2.0,3.0,1323.0,38.258167,-122.011185
850000.0,3.0,4.0,1811.0,38.090206,-122.5773
899990.0,2.0,3.0,1755.0,38.528744,-122.78809
699999.0,3.0,5.0,2159.0,38.327293,-121.94755
829000.0,3.0,5.0,3321.0,38.302555,-121.97196
488000.0,3.0,5.0,2020.0,38.03872,-121.35963
629000.0,3.0,4.0,2664.0,39.120663,-121.632645
699900.0,2.0,3.0,1843.0,38.783978,-121.21592
375000.0,3.0,3.0,1675.0,38.980476,-120.89596
670000.0,3.0,3.0,2104.0,38.65906,-120.98778
649000.0,3.0,4.0,2349.0,38.716522,-120.709694
579000.0,2.0,3.0,1978.0,39.2442,-121.0519
599000.0,3.0,4.0,1973.0,38.43085,-121.381615
699900.0,3.0,5.0,2369.0,38.660618,-121.49474
465000.0,2.0,3.0,1532.0,38.669456,-121.30668
550000.0,2.0,4.0,1400.0,38.663467,-121.25756
550000.0,3.0,3.0,1661.0,38.61163,-121.52054
555000.0,2.0,3.0,1516.0,38.597893,-121.36346
765000.0,3.0,3.0,1690.0,38.59024,-121.369316
699999.0,3.0,5.0,2131.0,38.412834,-121.337456
640000.0,3.0,4.0,2328.0,38.3355,-121.93434
875000.0,3.0,4.0,2619.0,37.7481,-121.109184
449999.0,3.0,3.0,1408.0,38.610374,-121.445435
579900.0,2.0,4.0,1898.0,38.536144,-121.55905
769000.0,3.0,4.0,2494.0,38.68702,-121.10148
639000.0,3.0,3.0,2166.0,38.77465,-121.3812
715000.0,4.0,4.0,3489.0,38.97384,-121.54671
699000.0,3.0,3.0,2223.0,38.67862,-121.54397
689000.0,3.0,5.0,2943.0,38.878258,-121.29968
530000.0,2.0,3.0,1695.0,38.857822,-121.30785
720000.0,3.0,4.0,2733.0,37.990444,-121.36416
670000.0,2.0,3.0,2602.0,34.65972,-118.21412
325000.0,2.0,3.0,1626.0,40.87491,-121.66298
949000.0,3.0,4.0,2505.0,38.357742,-122.69911
789000.0,3.0,4.0,2331.0,37.743004,-121.4609
340000.0,2.0,3.0,1197.0,39.15812,-121.56731
899000.0,3.0,4.0,3000.0,38.45758,-121.2799
628000.0,2.0,4.0,1982.0,37.32596,-120.4464
950000.0,3.0,5.0,2627.0,35.026188,-120.47534
439000.0,2.0,3.0,1153.0,39.009953,-120.851685
729000.0,2.0,3.0,1704.0,32.806137,-116.87023
259000.0,2.0,3.0,1092.0,36.07541,-119.04215
899000.0,2.0,3.0,1439.0,34.187744,-118.62793
749000.0,2.0,3.0,2082.0,38.054516,-119.14924
749000.0,2.0,4.0,1900.0,32.838108,-116.525
975000.0,6.0,5.0,5421.0,34.63247,-118.18642
799000.0,3.0,4.0,3209.0,37.979225,-121.78405
620000.0,2.0,3.0,1212.0,36.690735,-121.661285
499900.0,2.0,3.0,2139.0,37.927204,-120.62964
285000.0,2.0,4.0,1504.0,36.71457,-119.788864
799999.0,4.0,4.0,2737.0,38.6435,-121.74203
579000.0,2.0,3.0,1686.0,37.745136,-121.43534
880000.0,5.0,5.0,3438.0,38.39096,-121.39345
429900.0,2.0,4.0,1942.0,36.800194,-119.70804
399000.0,3.0,3.0,1528.0,38.798813,-120.70255
435000.0,2.0,3.0,1744.0,36.770138,-119.81118
399000.0,3.0,6.0,2792.0,40.786415,-124.175354
385000.0,2.0,3.0,1036.0,37.666595,-121.01832
415000.0,2.0,3.0,1085.0,34.55977,-118.09783
595000.0,2.0,3.0,1776.0,38.351498,-121.996185
759500.0,3.0,5.0,2572.0,38.39304,-121.96675
627000.0,2.0,3.0,2362.0,38.002224,-120.330635
379996.0,3.0,3.0,1443.0,36.300064,-119.3457
979000.0,2.0,3.0,1260.0,33.88572,-118.32447
369000.0,3.0,3.0,2010.0,40.427334,-120.66021
610000.0,2.0,3.0,2160.0,36.376343,-119.65455
675000.0,2.0,4.0,2602.0,36.825462,-119.67551
425000.0,2.0,3.0,1670.0,40.578945,-124.137856
250000.0,2.0,3.0,1134.0,35.353123,-119.012856
950000.0,3.0,4.0,3788.0,32.976746,-115.54823
935000.0,2.0,3.0,1123.0,37.280373,-121.82375
570000.0,2.0,4.0,1600.0,37.822727,-121.24024
685000.0,3.0,3.0,1902.0,37.728344,-121.44984
890000.0,2.0,3.0,1364.0,35.13482,-120.61185
669000.0,2.0,3.0,1593.0,35.610233,-120.66867
649000.0,2.0,3.0,1473.0,35.60737,-120.682045
648000.0,2.0,3.0,1350.0,38.0486,-122.150696
520000.0,2.0,3.0,1296.0,38.35065,-121.96535
615000.0,3.0,3.0,1093.0,38.330547,-122.69766
325000.0,2.0,3.0,1434.0,39.167053,-121.74556
769000.0,2.0,3.0,1308.0,34.271294,-119.16376
949000.0,3.0,5.0,2564.0,34.238968,-119.05364
669900.0,3.0,3.0,1367.0,34.278614,-118.898926
999000.0,3.0,4.0,2370.0,34.23926,-118.84299
879000.0,2.0,4.0,1948.0,34.286674,-118.73372
889000.0,3.0,4.0,2028.0,34.284145,-118.75859
799000.0,2.0,4.0,1826.0,34.29014,-118.70923
790000.0,3.0,3.0,1733.0,34.27733,-118.77203
929000.0,2.0,4.0,1826.0,34.255657,-118.78417
919000.0,3.0,5.0,2723.0,34.277493,-118.67375
999999.0,2.0,3.0,1635.0,34.22852,-118.85726
689000.0,2.0,3.0,1710.0,33.328323,-117.15126
875000.0,3.0,4.0,1997.0,33.186714,-117.2619
975000.0,3.0,5.0,2203.0,33.17601,-117.26472
799999.0,3.0,5.0,1941.0,33.18665,-117.232864
899900.0,2.0,4.0,1494.0,33.15801,-117.13416
715000.0,2.0,4.0,1241.0,33.148552,-117.12298
795000.0,2.0,3.0,1274.0,33.116753,-117.07126
699900.0,2.0,3.0,1249.0,33.11007,-117.08084
799900.0,3.0,5.0,2610.0,33.029907,-116.89548
749000.0,3.0,3.0,2348.0,33.029926,-116.8836
725000.0,3.0,3.0,1752.0,33.019627,-116.88147
899000.0,2.0,3.0,1476.0,32.927948,-117.12896
710000.0,2.0,4.0,1372.0,32.834114,-116.88757
729000.0,2.0,4.0,1196.0,32.809242,-117.01995
820000.0,2.0,3.0,1380.0,32.774254,-117.05584
749900.0,2.0,4.0,1689.0,32.802547,-116.95496
560000.0,2.0,3.0,1352.0,32.624744,-117.07675
697000.0,2.0,3.0,1036.0,32.714764,-117.03326
679900.0,2.0,3.0,1345.0,32.677902,-117.06294
839000.0,2.0,4.0,1940.0,32.67994,-117.05125
775000.0,3.0,3.0,1621.0,32.648937,-116.96028
985000.0,2.0,3.0,1546.0,33.034016,-117.08119
499000.0,2.0,4.0,1551.0,34.11528,-117.38725
415000.0,2.0,3.0,1369.0,34.113358,-117.29903
679000.0,2.0,3.0,1980.0,34.144688,-117.308205
399999.0,2.0,3.0,1536.0,34.083714,-117.33358
529999.0,2.0,4.0,1415.0,34.0346,-117.489975
465000.0,2.0,3.0,1219.0,34.15726,-117.25022
599900.0,2.0,3.0,1136.0,34.237774,-116.944275
799900.0,3.0,3.0,2040.0,34.0226,-117.05016
409500.0,2.0,3.0,1374.0,34.24328,-117.286026
369000.0,2.0,3.0,1418.0,34.54883,-117.32594
469999.0,2.0,3.0,1772.0,34.38481,-117.288155
729900.0,3.0,5.0,3372.0,34.518967,-117.20877
400000.0,2.0,3.0,1862.0,34.4849,-117.26933
325000.0,2.0,3.0,1734.0,34.19853,-115.99426
609000.0,2.0,3.0,1101.0,34.074066,-117.63878
735000.0,3.0,4.0,2012.0,34.1266,-117.58896
825000.0,3.0,4.0,1771.0,34.125484,-117.55892
680000.0,3.0,3.0,1438.0,34.120777,-117.564384
539900.0,2.0,4.0,1500.0,34.030785,-117.31161
899900.0,2.0,4.0,1522.0,34.236763,-116.863
499000.0,2.0,3.0,1488.0,34.24594,-116.8293
799000.0,2.0,3.0,2108.0,33.831604,-117.54685
949900.0,3.0,4.0,3099.0,33.85594,-117.59108
849900.0,2.0,3.0,2276.0,33.836407,-117.58393
624888.0,4.0,3.0,1421.0,33.89055,-117.469765
579900.0,2.0,3.0,1284.0,33.978336,-117.482605
669999.0,2.0,3.0,1548.0,33.948124,-117.379
850000.0,2.0,4.0,2073.0,33.906704,-117.38306
499900.0,3.0,3.0,1600.0,33.948997,-117.251366
810000.0,2.0,4.0,2024.0,33.86225,-117.32528
569900.0,2.0,3.0,1125.0,33.882244,-117.32447
699000.0,3.0,3.0,2271.0,33.88357,-117.41355
619000.0,2.0,3.0,1582.0,33.881344,-117.41047
590000.0,3.0,3.0,1439.0,33.7284,-117.426926
315000.0,3.0,3.0,1597.0,33.761047,-116.97415
425000.0,2.0,3.0,1260.0,33.72463,-116.928734
899000.0,2.0,3.0,1225.0,33.854607,-116.53743
699000.0,3.0,5.0,4000.0,33.75528,-116.917946
825000.0,2.0,4.0,1925.0,33.71513,-116.3677
899000.0,2.0,3.0,2395.0,33.73419,-116.31221
450000.0,2.0,3.0,1230.0,33.664528,-116.306496
285000.0,3.0,3.0,1582.0,33.620285,-114.592865
649000.0,3.0,4.0,2440.0,33.560963,-117.22254
590000.0,3.0,3.0,1445.0,33.462845,-117.11802
605000.0,2.0,3.0,1424.0,33.513874,-117.11826
495000.0,3.0,3.0,1810.0,33.546818,-117.13198
259950.0,2.0,4.0,1114.0,39.507935,-121.55851
799000.0,2.0,3.0,2087.0,39.701435,-121.80271
875000.0,3.0,4.0,2372.0,39.81367,-121.88714
330000.0,3.0,3.0,1206.0,39.77044,-121.83725
449000.0,3.0,3.0,1728.0,39.509346,-121.47651
699900.0,3.0,3.0,1822.0,37.93547,-121.71658
800000.0,2.0,4.0,1661.0,37.9846,-121.7307
720000.0,3.0,3.0,2070.0,37.988983,-121.7801
599000.0,3.0,3.0,1524.0,38.0076,-121.79096
685000.0,2.0,4.0,2115.0,37.973957,-121.79104
750000.0,3.0,5.0,2899.0,37.973595,-121.79396
550000.0,3.0,3.0,1608.0,38.023224,-121.90317
619000.0,2.0,3.0,1634.0,37.999084,-121.8633
675000.0,3.0,3.0,1823.0,38.014015,-121.92646
929000.0,2.0,3.0,1337.0,37.94144,-122.311104
599000.0,2.0,3.0,2413.0,37.94961,-122.344765
675000.0,2.0,3.0,3383.0,34.840515,-119.08375
275000.0,2.0,3.0,1206.0,35.294197,-119.004074
290000.0,2.0,3.0,1113.0,36.295856,-119.7705
459900.0,2.0,3.0,2247.0,37.060825,-120.8513
499000.0,3.0,4.0,1932.0,37.305286,-120.48963
925000.0,2.0,3.0,1570.0,34.190456,-118.63931
799000.0,2.0,4.0,1296.0,34.19193,-118.550224
899000.0,2.0,3.0,1202.0,34.175865,-118.52393
999000.0,2.0,4.0,2215.0,34.209724,-118.51267
739000.0,2.0,3.0,1404.0,34.239433,-118.45818
745000.0,2.0,4.0,1331.0,34.275166,-118.480095
699999.0,2.0,4.0,1254.0,34.261257,-118.48883
799900.0,2.0,3.0,1780.0,34.24864,-118.50059
900000.0,2.0,4.0,2446.0,34.269356,-118.55077
479900.0,2.0,3.0,1707.0,34.546825,-118.083565
950000.0,3.0,4.0,2881.0,34.46981,-118.15393
320000.0,2.0,3.0,1025.0,34.62192,-117.86037
399000.0,2.0,3.0,1188.0,34.702633,-118.149765
399900.0,2.0,4.0,1272.0,34.68532,-118.12703
750000.0,3.0,3.0,1450.0,34.47272,-118.534164
999000.0,3.0,3.0,1766.0,33.906277,-118.36351
999000.0,3.0,4.0,1930.0,34.05621,-118.151276
899999.0,2.0,3.0,1421.0,34.107304,-118.230064
580000.0,2.0,4.0,1400.0,33.977085,-118.28627
749900.0,2.0,3.0,1232.0,33.97961,-118.312775
749999.0,3.0,5.0,2195.0,33.953857,-118.215065
739000.0,2.0,3.0,1358.0,33.96841,-118.12139
929000.0,2.0,3.0,1334.0,33.826553,-118.11155
789900.0,2.0,4.0,1384.0,33.897568,-117.99771
879000.0,2.0,5.0,2304.0,33.88973,-118.06802
889800.0,2.0,3.0,1444.0,33.97108,-118.02972
850000.0,2.0,3.0,1824.0,33.991417,-117.95643
924900.0,2.0,4.0,1733.0,33.93103,-118.01454
858000.0,4.0,4.0,1941.0,34.074574,-117.75843
699900.0,2.0,3.0,1016.0,34.102535,-117.878586
699000.0,2.0,3.0,1083.0,34.132378,-117.91605
899000.0,2.0,4.0,1840.0,34.126144,-117.86749
799000.0,2.0,4.0,1582.0,34.115326,-117.85359
725000.0,2.0,3.0,1316.0,34.019016,-117.917595
765000.0,2.0,3.0,1360.0,37.792706,-122.198425
825000.0,3.0,4.0,1740.0,37.63699,-122.097244
969000.0,2.0,3.0,1080.0,37.547085,-122.03115
999888.0,2.0,3.0,1582.0,37.66769,-121.784836
999999.0,2.0,4.0,1688.0,37.686813,-122.049484
948950.0,2.0,3.0,1475.0,37.6383,-122.10482
778000.0,2.0,4.0,1850.0,33.814964,-118.00305
910000.0,4.0,5.0,1543.0,33.790554,-117.92807
999900.0,2.0,3.0,1943.0,33.751842,-117.985634
958000.0,2.0,4.0,2215.0,33.9151,-117.94251
879000.0,2.0,4.0,1802.0,33.869255,-117.807884
989900.0,2.0,3.0,1350.0,33.853153,-117.744064
925000.0,2.0,3.0,1344.0,33.627403,-117.708206
559000.0,2.0,3.0,1688.0,38.50272,-121.546616
925000.0,3.0,4.0,3472.0,34.472042,-118.646126
654800.0,2.0,3.0,1317.0,33.83234,-117.55176
585000.0,3.0,5.0,2978.0,34.495373,-117.2329
390000.0,2.0,3.0,1442.0,34.48829,-117.20445
399999.0,3.0,4.0,2555.0,37.906162,-121.31807
925000.0,3.0,4.0,2945.0,34.50945,-118.63922
749999.0,3.0,3.0,1788.0,34.45716,-118.62763
469900.0,2.0,4.0,1204.0,34.12418,-117.219765
989000.0,4.0,5.0,3280.0,37.967407,-121.70604
599900.0,3.0,3.0,1916.0,33.582893,-117.17817
539000.0,2.0,3.0,1559.0,33.680214,-117.19161
599900.0,2.0,4.0,1615.0,33.913773,-117.319244
699000.0,3.0,3.0,1520.0,33.972073,-118.13023
819000.0,3.0,4.0,2813.0,33.530193,-117.10216
979900.0,2.0,3.0,1429.0,35.372925,-120.84947
639900.0,3.0,3.0,2280.0,33.755756,-117.464195
545000.0,3.0,5.0,2154.0,33.821278,-116.45125
495000.0,2.0,4.0,2257.0,33.73035,-117.061874
575000.0,3.0,4.0,1950.0,33.599056,-117.163185
655000.0,3.0,3.0,1936.0,34.13906,-117.44692
415000.0,2.0,4.0,2044.0,34.49597,-117.40635
675000.0,3.0,4.0,3638.0,34.673588,-118.21328
600000.0,2.0,3.0,1702.0,37.937046,-121.68569
749999.0,3.0,4.0,3193.0,37.92158,-121.622375
799000.0,3.0,3.0,1721.0,38.016365,-122.27565
525000.0,3.0,5.0,2589.0,38.999954,-121.54744
950000.0,2.0,3.0,1916.0,35.132366,-120.57138
699000.0,3.0,4.0,3000.0,34.20013,-117.36511
699000.0,3.0,4.0,1830.0,34.018684,-117.311195
569000.0,2.0,4.0,2519.0,33.748127,-116.2318
574999.0,3.0,3.0,2199.0,33.716496,-117.167015
470000.0,2.0,3.0,2270.0,33.962955,-117.04653
769900.0,4.0,4.0,3351.0,34.49049,-117.245316
439000.0,2.0,3.0,1727.0,34.150337,-116.07044
749000.0,2.0,4.0,2681.0,34.082134,-117.166626
835000.0,3.0,5.0,2644.0,33.959454,-117.57338
599000.0,2.0,3.0,1488.0,34.200928,-116.342545
459000.0,2.0,3.0,1928.0,34.430244,-117.58081
425000.0,2.0,3.0,1425.0,39.76065,-121.80994
579000.0,3.0,5.0,3113.0,39.76981,-121.89023
835000.0,4.0,5.0,3498.0,33.606785,-117.10524
419900.0,2.0,4.0,1513.0,37.349285,-120.62519
750000.0,3.0,3.0,1743.0,32.620598,-116.98657
774900.0,3.0,3.0,2423.0,34.095062,-117.74127
980000.0,3.0,4.0,2090.0,35.62597,-120.55174
750000.0,2.0,4.0,1750.0,38.968525,-122.66363
749000.0,4.0,4.0,3199.0,33.610115,-117.12566
375000.0,2.0,3.0,1954.0,32.68804,-116.33565
810000.0,3.0,4.0,2497.0,33.798412,-117.244576
869000.0,3.0,5.0,3386.0,33.69283,-117.23049
459000.0,2.0,3.0,1313.0,39.75797,-121.86959
799000.0,3.0,4.0,2511.0,37.92757,-121.61705
499999.0,2.0,3.0,1664.0,34.623146,-117.84948
490000.0,2.0,3.0,1516.0,38.712093,-121.25589
527300.0,2.0,3.0,1700.0,40.573578,-124.13396
285000.0,2.0,3.0,1127.0,32.785206,-115.56629
699000.0,3.0,4.0,2815.0,34.6352,-118.228874
459900.0,2.0,3.0,1357.0,34.686935,-118.19723
509900.0,2.0,3.0,1638.0,34.651863,-118.24245
499900.0,3.0,5.0,1770.0,34.686108,-118.24221
